{"name":"location","identifier":"GLUY4RBQPU","description":null,"slotTypeValues":[{"synonyms":null,"sampleValue":{"value":"Paris, France"}},{"synonyms":null,"sampleValue":{"value":"Bali, Indonesia"}},{"synonyms":null,"sampleValue":{"value":"London, United Kingdom"}},{"synonyms":null,"sampleValue":{"value":"Rome, Italy"}},{"synonyms":null,"sampleValue":{"value":"New York City, USA"}},{"synonyms":null,"sampleValue":{"value":"Barcelona, Spain"}},{"synonyms":null,"sampleValue":{"value":"Tokyo, Japan"}},{"synonyms":null,"sampleValue":{"value":"Amsterdam, Netherlands"}},{"synonyms":null,"sampleValue":{"value":"Bangkok, Thailand"}},{"synonyms":null,"sampleValue":{"value":"Dubai, United Arab Emirates"}}],"parentSlotTypeSignature":null,"valueSelectionSetting":{"resolutionStrategy":"ORIGINAL_VALUE","regexFilter":null}}