{"name":"HotelBooking","identifier":"TVHKUBVDNJ","description":null,"parentIntentSignature":null,"sampleUtterances":[{"utterance":"Book a room"},{"utterance":"Reserve a hotel"},{"utterance":"Need a place to stay"},{"utterance":"I want to book a hotel"},{"utterance":"Find me a hotel"},{"utterance":"Book a hotel for tonight"},{"utterance":"Reserve a room for two people"},{"utterance":"Book a room for next weekend"},{"utterance":"Need a hotel for my trip"},{"utterance":"Find a hotel near me"},{"utterance":"Find a hotel in New York"},{"utterance":"Can you help me book a hotel room?"},{"utterance":"I'd like to make a hotel reservation."},{"utterance":"Can you find me a hotel to stay at tonight?"},{"utterance":"Can you book me a hotel in New York for next weekend?"}],"intentConfirmationSetting":{"isActive":true,"promptSpecification":{"messageGroupsList":[{"message":{"ssmlMessage":null,"customPayload":null,"plainTextMessage":{"value":"Can I go ahead with your request, {Name}?"},"imageResponseCard":null},"variations":null}],"maxRetries":4,"allowInterrupt":true,"messageSelectionStrategy":"Random","promptAttemptsSpecification":{"Initial":{"allowedInputTypes":{"allowAudioInput":true,"allowDTMFInput":true},"audioAndDTMFInputSpecification":{"dtmfSpecification":{"maxLength":513,"deletionCharacter":"*","endCharacter":"#","endTimeoutMs":5000},"startTimeoutMs":4000,"audioSpecification":{"maxLengthMs":15000,"endTimeoutMs":640}},"allowInterrupt":true,"textInputSpecification":{"startTimeoutMs":30000}},"Retry2":{"allowedInputTypes":{"allowAudioInput":true,"allowDTMFInput":true},"audioAndDTMFInputSpecification":{"dtmfSpecification":{"maxLength":513,"deletionCharacter":"*","endCharacter":"#","endTimeoutMs":5000},"startTimeoutMs":4000,"audioSpecification":{"maxLengthMs":15000,"endTimeoutMs":640}},"allowInterrupt":true,"textInputSpecification":{"startTimeoutMs":30000}},"Retry1":{"allowedInputTypes":{"allowAudioInput":true,"allowDTMFInput":true},"audioAndDTMFInputSpecification":{"dtmfSpecification":{"maxLength":513,"deletionCharacter":"*","endCharacter":"#","endTimeoutMs":5000},"startTimeoutMs":4000,"audioSpecification":{"maxLengthMs":15000,"endTimeoutMs":640}},"allowInterrupt":true,"textInputSpecification":{"startTimeoutMs":30000}},"Retry3":{"allowedInputTypes":{"allowAudioInput":true,"allowDTMFInput":true},"audioAndDTMFInputSpecification":{"dtmfSpecification":{"maxLength":513,"deletionCharacter":"*","endCharacter":"#","endTimeoutMs":5000},"startTimeoutMs":4000,"audioSpecification":{"maxLengthMs":15000,"endTimeoutMs":640}},"allowInterrupt":true,"textInputSpecification":{"startTimeoutMs":30000}},"Retry4":{"allowedInputTypes":{"allowAudioInput":true,"allowDTMFInput":true},"audioAndDTMFInputSpecification":{"dtmfSpecification":{"maxLength":513,"deletionCharacter":"*","endCharacter":"#","endTimeoutMs":5000},"startTimeoutMs":4000,"audioSpecification":{"maxLengthMs":15000,"endTimeoutMs":640}},"allowInterrupt":true,"textInputSpecification":{"startTimeoutMs":30000}}}},"declinationResponse":{"messageGroupsList":[{"message":{"ssmlMessage":null,"customPayload":null,"plainTextMessage":{"value":"Okay. Your response will not be submitted."},"imageResponseCard":null},"variations":null}],"allowInterrupt":true},"failureNextStep":{"intent":{"name":"FallbackIntent","slots":null},"dialogAction":{"type":"StartIntent","slotToElicit":null,"suppressNextMessage":null},"sessionAttributes":null},"elicitationCodeHook":{"invocationLabel":null,"enableCodeHookInvocation":true},"declinationNextStep":{"intent":{"name":null,"slots":null},"dialogAction":{"type":"EndConversation","slotToElicit":null,"suppressNextMessage":null},"sessionAttributes":null},"confirmationNextStep":{"intent":{"name":null,"slots":{}},"dialogAction":{"type":"FulfillIntent","slotToElicit":null,"suppressNextMessage":null},"sessionAttributes":null},"confirmationResponse":{"messageGroupsList":[{"message":{"ssmlMessage":null,"customPayload":null,"plainTextMessage":{"value":"Thanks for confirming"},"imageResponseCard":null},"variations":null}],"allowInterrupt":true}},"intentClosingSetting":{"isActive":true,"nextStep":{"intent":{"name":null,"slots":null},"dialogAction":{"type":"EndConversation","slotToElicit":null,"suppressNextMessage":null},"sessionAttributes":null},"closingResponse":{"messageGroupsList":[{"message":{"ssmlMessage":null,"customPayload":null,"plainTextMessage":{"value":"Thank you {Name} for choosing us! Your booking is confirmed. We are looking forward to welcoming you to our hotel. If you have any further requirements, please don't hesitate to reach out to us. Have a great day!"},"imageResponseCard":null},"variations":null}],"allowInterrupt":true}},"initialResponseSetting":{"codeHook":{"isActive":true,"postCodeHookSpecification":{"failureResponse":null,"failureNextStep":{"intent":{"name":null,"slots":null},"dialogAction":{"type":"EndConversation","slotToElicit":null,"suppressNextMessage":null},"sessionAttributes":null},"failureConditional":null,"successConditional":null,"timeoutResponse":null,"timeoutNextStep":{"intent":{"name":null,"slots":null},"dialogAction":{"type":"EndConversation","slotToElicit":null,"suppressNextMessage":null},"sessionAttributes":null},"timeoutConditional":null,"successNextStep":{"intent":{"name":null,"slots":null},"dialogAction":{"type":"ElicitSlot","slotToElicit":"Name","suppressNextMessage":null},"sessionAttributes":null},"successResponse":null},"invocationLabel":null,"enableCodeHookInvocation":true},"conditional":null,"nextStep":{"intent":{"name":null,"slots":null},"dialogAction":{"type":"InvokeDialogCodeHook","slotToElicit":null,"suppressNextMessage":null},"sessionAttributes":null},"initialResponse":{"messageGroupsList":[{"message":{"ssmlMessage":null,"customPayload":null,"plainTextMessage":{"value":"Okay, I can help you with that"},"imageResponseCard":null},"variations":null}],"allowInterrupt":true}},"inputContexts":null,"outputContexts":null,"kendraConfiguration":null,"dialogCodeHook":null,"fulfillmentCodeHook":{"isActive":true,"postFulfillmentStatusSpecification":{"failureResponse":null,"failureNextStep":{"intent":{"name":null,"slots":null},"dialogAction":{"type":"CloseIntent","slotToElicit":null,"suppressNextMessage":null},"sessionAttributes":null},"timeoutResponse":null,"timeoutNextStep":{"intent":{"name":null,"slots":null},"dialogAction":{"type":"CloseIntent","slotToElicit":null,"suppressNextMessage":null},"sessionAttributes":null},"successNextStep":{"intent":{"name":null,"slots":null},"dialogAction":{"type":"CloseIntent","slotToElicit":null,"suppressNextMessage":null},"sessionAttributes":null},"successResponse":{"messageGroupsList":[{"message":{"ssmlMessage":null,"customPayload":null,"plainTextMessage":{"value":"Your booking is confirmed! The details of your reservation are Name: {Name}, Location: {Location},Check-in date: {Checkindate},Check-out date: {checkoutdate},Room Type and Price: {Roomtype}"},"imageResponseCard":null},"variations":null}],"allowInterrupt":true}},"fulfillmentUpdatesSpecification":{"active":false,"timeoutInSeconds":2,"startResponse":{"allowInterrupt":true,"delayInSeconds":2,"messageGroups":[{"message":{"ssmlMessage":null,"customPayload":null,"plainTextMessage":{"value":"Your request has been processed"},"imageResponseCard":null},"variations":null}]},"updateResponse":{"frequencyInSeconds":2,"allowInterrupt":true,"messageGroups":[{"message":{"ssmlMessage":null,"customPayload":null,"plainTextMessage":{"value":"your request is under processing"},"imageResponseCard":null},"variations":null}]}},"enabled":false},"slotPriorities":[{"priority":5,"slotName":"noofguests"},{"priority":4,"slotName":"checkoutdate"},{"priority":3,"slotName":"Checkindate"},{"priority":6,"slotName":"Roomtype"},{"priority":1,"slotName":"Name"},{"priority":7,"slotName":"specialrequirements"},{"priority":2,"slotName":"Location"}]}